Country,Beer Per Capita,Spirit Per Capita ,Wine Per Capita,Total_litres_of_pure_alcohol
Belarus,142,373,42,14.4
Lithuania,343,244,56,12.9
Andorra,245,138,312,12.4
Grenada,199,438,28,11.9
Czech Republic,361,170,134,11.8
France,127,151,370,11.8
Russian Federation,247,326,73,11.5
Ireland,313,118,165,11.4
Luxembourg,236,133,271,11.4
Slovakia,196,293,116,11.4